sale_price,sale_date,suburb,property_type,bedrooms,bathrooms,parking,land_size,dist_cbd,dist_station
650000,2026-10-02,Mosman,Apartment,1,1,,0,8,2
740000,2026-10-01,Mosman,Apartment,1,1,1,0,8,2
980000,2026-09-29,Mosman,Apartment,2,1,,0,8,2
980000,2026-09-22,Mosman,Apartment,1,1,1,0,8,2
871000,2026-09-18,Mosman,Apartment,2,1,1,0,8,2
905000,2026-09-17,Mosman,Apartment,2,1,,0,8,2
3200000,2026-09-16,Mosman,House,3,2,2,,8,2
730000,2026-09-12,Mosman,Apartment,1,1,1,0,8,2
750000,2026-09-08,Mosman,Apartment,1,1,,0,8,2
1450000,2026-09-03,Mosman,Apartment,1,1,,0,8,2
4500000,2026-08-31,Mosman,Apartment,2,2,2,0,8,2
790000,2026-08-21,Mosman,Apartment,1,1,,0,8,2
930000,2026-08-19,Mosman,Apartment,1,1,1,0,8,2
2558000,2026-08-13,Mosman,Apartment,3,2,2,0,8,2
1600000,2026-08-12,Mosman,Apartment,2,1,1,0,8,2
700000,2026-08-10,Mosman,Apartment,1,1,1,0,8,2
975000,2026-08-04,Mosman,Apartment,2,1,,0,8,2
865000,2026-07-31,Mosman,Apartment,1,1,1,0,8,2
1600000,2026-07-27,Mosman,Apartment,2,1,1,0,8,2
3800000,2026-07-24,Mosman,Retirement living,3,2,2,,8,2
610000,2026-07-24,Mosman,Studio,,1,1,0,8,2
8700000,2026-07-22,Mosman,House,4,3,2,,8,2
2900000,2026-07-21,Mosman,Duplex/semi-detached,3,2,1,,8,2
892000,2026-07-20,Mosman,Apartment,2,1,,0,8,2
700000,2026-07-20,Mosman,Apartment,1,1,,0,8,2
1415000,2026-07-16,Mosman,Apartment,2,1,1,0,8,2
1050000,2026-07-16,Mosman,Apartment,2,1,1,0,8,2
785000,2026-07-14,Mosman,Unit,1,1,1,0,8,2
1030000,2026-07-07,Mosman,Apartment,2,1,1,0,8,2
990000,2026-07-07,Mosman,Apartment,2,1,,0,8,2
1440000,2026-07-06,Mosman,Apartment,2,2,1,0,8,2
1310000,2026-07-03,Mosman,Apartment,2,1,1,0,8,2
1025000,2026-07-03,Mosman,Apartment,2,1,1,0,8,2	
7650000,2026-07-02,Mosman,House,5,2,2,490,8,2	
3225000,2026-07-02,Mosman,House,4,2,,,8,2	
11650000,2026-07-01,Mosman,House,4,4,2,,8,2	
1925000,2026-06-29,Mosman,Apartment,3,2,2,0,8,2
6399000,2026-06-26,Mosman,House,5,4,2,607,8,2	
1175000,2026-06-26,Mosman,Apartment,2,1,1,0,8,2	
1750000,2026-06-22,Mosman,Apartment,2,2,1,0,8,2	
5450000,2026-06-20,Mosman,House,5,3,2,,8,2	
1560000,2026-06-19,Mosman,Apartment,2,1,1,0,8,2	
1000000,2026-06-19,Mosman,Unit,2,1,1,0,8,2	
6000000,2026-06-18,Mosman,Apartment,4,3,3,0,8,2	
1450000,2026-06-17,Mosman,Apartment,2,1,1,0,8,2
1237500,2026-06-17,Mosman,Apartment,2,1,1,0,8,2
900000,2026-06-15,Mosman,Apartment,2,1,1,0,8,2	
1760000,2026-06-12,Mosman,Apartment,2,2,1,0,8,2	
1360000,2026-06-12,Mosman,Apartment,2,1,1,0,8,2	
2180000,2026-06-11,Mosman,Townhouse,3,2,2,,8,2	
2380000,2026-06-10,Mosman,Townhouse,3,2,2,192,8,2
5025000,2026-06-06,Mosman,House,3,3,2,,8,2	
3200000,2026-06-06,Mosman,Duplex/semi-detached,4,2,1,,8,2	
1570000,2026-06-06,Mosman,Apartment,1,1,1,0,8,2
7360000,2026-06-05,Mosman,House,5,4,4,594,8,2	
3550000,2026-06-05,Mosman,House,4,3,, ,8,2
7260000,2026-06-04,Mosman,House,6,4,3,879,8,2	
1590000,2026-06-04,Mosman,Apartment,2,1,1,0,8,2	
1140000,2026-06-04,Mosman,Apartment,2,1,,0,8,2
825000,2026-06-04,Mosman,Apartment,1,1,1,0,8,2	
3390000,2026-06-02,Mosman,House,4,3,2,379,8,2
827000,2026-06-01,Mosman,Apartment,1,1,1,0,8,2
4820000,2026-05-30,Mosman,House,4,2,2,,8,2
2110000,2026-05-30,Mosman,Apartment,2,2,1,0,8,2
4000000,2026-05-29,Mosman,Apartment,3,2,2,0,8,2
2725000,2026-05-29,Mosman,Townhouse,3,2,2,,8,2
2250000,2026-05-29,Mosman,Apartment,2,1,1,0,8,2
1275000,2026-05-29,Mosman,Apartment,2,1,1,0,8,2
800000,2026-05-29,Mosman,Apartment,1,1,,0,8,2
690000,2026-10-02,Parramatta,Apartment,2,2,1,0,24,0.5
570000,2026-10-01,Parramatta,Apartment,2,2,1,0,24,0.5
610000,2026-09-28,Parramatta,Apartment,2,2,1,0,24,0.5
555000,2026-09-27,Parramatta,Apartment,2,2,1,0,24,0.5
710000,2026-09-26,Parramatta,Apartment,2,2,1,0,24,0.5
610000,2026-09-25,Parramatta,Apartment,2,1,2,0,24,0.5
605000,2026-09-25,Parramatta,Apartment,2,1,1,0,24,0.5
855000,2026-09-23,Parramatta,Apartment,2,2,1,0,24,0.5
600000,2026-09-22,Parramatta,Apartment,2,2,1,0,24,0.5
620000,2026-09-21,Parramatta,Apartment,2,2,1,0,24,0.5
520000,2026-09-21,Parramatta,Apartment,2,2,1,0,24,0.5
500000,2026-09-19,Parramatta,Apartment,2,2,1,0,24,0.5
785000,2026-09-16,Parramatta,Apartment,2,2,1,0,24,0.5
720000,2026-09-16,Parramatta,Townhouse,2,1,1,128,24,0.5
640000,2026-09-16,Parramatta,Apartment,2,2,1,0,24,0.5
600000,2026-09-16,Parramatta,Apartment,2,1,,0,24,0.5
570000,2026-09-16,Parramatta,Unit,2,1,1,0,24,0.5
610000,2026-09-14,Parramatta,Apartment,2,2,1,0,24,0.5
575000,2026-09-14,Parramatta,Apartment,2,2,1,0,24,0.5
660000,2026-09-12,Parramatta,Apartment,2,1,1,0,24,0.5
700000,2026-09-11,Parramatta,Apartment,2,2,1,0,24,0.5
687000,2026-09-11,Parramatta,Apartment,2,2,1,0,24,0.5
650000,2026-09-11,Parramatta,Apartment,2,2,1,0,24,0.5
520000,2026-09-11,Parramatta,Apartment,2,1,1,0,24,0.5
493000,2026-09-11,Parramatta,Unit,2,1,1,0,24,0.5
320000,2026-09-11,Parramatta,Apartment,1,1,,0,24,0.5
547000,2026-09-10,Parramatta,Apartment,1,1,1,0,24,0.5
660000,2026-09-09,Parramatta,Apartment,2,2,1,0,24,0.5
705000,2026-09-04,Parramatta,Apartment,2,2,1,0,24,0.5
580000,2026-09-04,Parramatta,Apartment,2,2,1,0,24,0.5
425000,2026-09-04,Parramatta,Apartment,1,1,1,0,24,0.5
700000,2026-09-03,Parramatta,Apartment,2,2,1,0,24,0.5
570000,2026-09-03,Parramatta,Apartment,2,2,1,0,24,0.5
546000,2026-09-01,Parramatta,Unit,2,1,1,0,24,0.5
490000,2026-09-01,Parramatta,Apartment,1,1,,0,24,0.5
650000,2026-08-31,Parramatta,Unit,2,1,1,0,24,0.5
569000,2026-08-31,Parramatta,Unit,2,1,1,0,24,0.5
540000,2026-08-30,Parramatta,Apartment,2,2,1,0,24,0.5
680000,2026-08-28,Parramatta,Apartment,2,1,1,0,24,0.5
590000,2026-08-28,Parramatta,Apartment,2,2,1,0,24,0.5
566000,2026-08-28,Parramatta,Apartment,1,1,1,0,24,0.5
355000,2026-08-28,Parramatta,Apartment,1,1,1,0,24,0.5
552000,2026-08-27,Parramatta,Unit,2,2,1,0,24,0.5
480000,2026-08-27,Parramatta,Apartment,2,1,1,0,24,0.5
720000,2026-08-25,Parramatta,Apartment,3,2,1,0,24,0.5
680000,2026-08-25,Parramatta,Apartment,2,2,1,0,24,0.5
560000,2026-08-25,Parramatta,Apartment,1,1,1,0,24,0.5
405000,2026-08-25,Parramatta,Apartment,1,1,1,0,24,0.5
410000,2026-08-24,Parramatta,Apartment,1,1,,0,24,0.5
200000,2026-08-23,Parramatta,Studio,1,1,,0,24,0.5
800000,2026-08-21,Parramatta,Apartment,2,2,1,0,24,0.5
965000,2026-10-02,Penrith,Townhouse,3,3,2,,55,1.5
940000,2026-10-02,Penrith,House,3,2,1,525,55,1.5
335000,2026-09-28,Penrith,Unit,2,1,,0,55,1.5
920000,2026-09-25,Penrith,Townhouse,3,3,2,,55,1.5
920000,2026-09-25,Penrith,Townhouse,3,3,1,,55,1.5
920000,2026-09-25,Penrith,Townhouse,3,3,2,,55,1.5
920000,2026-09-25,Penrith,Townhouse,3,3,1,,55,1.5
730000,2026-09-25,Penrith,Apartment,2,2,1,0,55,1.5
700000,2026-09-18,Penrith,House,3,1,1,,55,1.5
435000,2026-09-18,Penrith,Apartment,1,1,1,0,55,1.5
680000,2026-09-16,Penrith,Townhouse,3,2,1,163,55,1.5
470000,2026-09-16,Penrith,Apartment,1,1,1,0,55,1.5
531000,2026-09-15,Penrith,Unit,2,1,1,0,55,1.5
507500,2026-09-14,Penrith,Unit,2,1,1,0,55,1.5
645000,2026-09-11,Penrith,Apartment,2,2,1,0,55,1.5
425000,2026-09-09,Penrith,Unit,1,1,,0,55,1.5
735000,2026-09-05,Penrith,Apartment,2,2,1,0,55,1.5
495000,2026-09-05,Penrith,Unit,1,1,1,0,55,1.5
840000,2026-09-04,Penrith,Townhouse,3,2,1,,55,1.5
635000,2026-09-04,Penrith,Apartment,2,2,1,0,55,1.5
505000,2026-09-04,Penrith,Apartment,2,1,1,0,55,1.5
365000,2026-09-04,Penrith,Unit,1,1,1,0,55,1.5
465000,2026-09-03,Penrith,Apartment,2,1,1,0,55,1.5
475000,2026-09-02,Penrith,Unit,2,1,1,0,55,1.5
550000,2026-09-01,Penrith,Apartment,1,1,1,0,55,1.5
960000,2026-08-31,Penrith,House,3,1,2,562.8,55,1.5
530000,2026-08-28,Penrith,Apartment,1,1,1,0,55,1.5
460000,2026-08-28,Penrith,Unit,2,1,1,0,55,1.5
440000,2026-08-28,Penrith,Unit,2,1,1,0,55,1.5
600000,2026-08-27,Penrith,Apartment,2,2,1,0,55,1.5
452000,2026-08-27,Penrith,Unit,2,1,1,0,55,1.5
555000,2026-08-26,Penrith,Unit,2,2,1,0,55,1.5
380000,2026-08-26,Penrith,Studio,,1,,0,55,1.5
450500,2026-08-24,Penrith,Unit,2,1,1,0,55,1.5
600000,2026-08-22,Penrith,Unit,2,2,1,0,55,1.5
870000,2026-08-20,Penrith,House,3,1,4,561,55,1.5
850000,2026-08-19,Penrith,Townhouse,3,2,2,191,55,1.5
720000,2026-08-19,Penrith,Townhouse,3,1,1,,55,1.5
900000,2026-08-18,Penrith,House,3,1,1,696,55,1.5
600000,2026-08-17,Penrith,Apartment,2,2,1,0,55,1.5
581000,2026-08-17,Penrith,Villa,2,1,1,,55,1.5
510000,2026-08-17,Penrith,Unit,2,1,1,0,55,1.5
567000,2026-08-14,Penrith,Unit,2,2,1,0,55,1.5
510000,2026-08-12,Penrith,Apartment,2,1,1,0,55,1.5
820000,2026-08-11,Penrith,Townhouse,3,2,2,,55,1.5
595000,2026-08-10,Penrith,Apartment,2,2,1,0,55,1.5
1060000,2026-08-07,Penrith,House,3,2,1,657.6,55,1.5
990000,2026-08-07,Penrith,House,3,3,2,299,55,1.5
640000,2026-08-06,Penrith,Apartment,1,1,1,0,55,1.5
585000,2026-08-06,Penrith,Apartment,1,1,1,0,55,1.5
870000,2026-08-04,Penrith,House,2,2,1,,55,1.5
545000,2026-08-04,Penrith,Apartment,2,1,1,0,55,1.5
530000,2026-08-04,Penrith,Apartment,1,1,1,0,55,1.5
530000,2026-07-30,Penrith,Unit,2,1,1,0,55,1.5
325000,2026-07-30,Penrith,Unit,2,1,,0,55,1.5
802000,2026-07-29,Penrith,House,4,2,1,,55,1.5
